<?xml version="1.0" encoding="UTF-8"?><!--
        *** GENERATED FROM jax-ws.xml - DO NOT EDIT !                             ***
        *** TO MODIFY wsimport options USE Web Service node -> Edit WS Attributes ***
        *** TO CHANGE TARGETS GENERATED TO jaxws-build.xml COPY THOSE             ***
        *** TARGETS TO ../build.xml AND MODIFY THAT FILE INSTEAD                  ***

        --><project xmlns:xalan="http://xml.apache.org/xslt" xmlns:webproject2="http://www.netbeans.org/ns/web-project/2" xmlns:jaxws="http://www.netbeans.org/ns/jax-ws/1">
    <!--
                ===================
                JAX-WS WSGEN SECTION
                ===================
            -->
    <!--
                ===================
                JAX-WS WSIMPORT SECTION
                ===================
            -->
    <target name="wsimport-init" depends="init">
        <fail if="${wsimport.bad.version}" message="WsImport ant task defined in the classpath ${j2ee.platform.wsimport.classpath} has a serious bug. See http://wiki.netbeans.org/MetroIssue for details."/>
        <mkdir dir="${build.generated.sources.dir}/jax-ws"/>
        <property name="j2ee.platform.wsimport.classpath" value="${libs.jaxws21.classpath}"/>
        <taskdef name="wsimport" classname="com.sun.tools.ws.ant.WsImport">
            <classpath path="${java.home}/../lib/tools.jar:${j2ee.platform.wsimport.classpath}:${javac.classpath}"/>
        </taskdef>
        <condition property="conf-dir" value="${conf.dir}/" else="">
            <isset property="conf.dir"/>
        </condition>
    </target>
    <target name="wsimport-client-StudentSurveySessionBeanWS" depends="wsimport-init">
        <mkdir dir="${build.generated.dir}/jax-wsCache/StudentSurveySessionBeanWS"/>
        <wsimport sourcedestdir="${build.generated.dir}/jax-wsCache/StudentSurveySessionBeanWS" destdir="${build.generated.dir}/jax-wsCache/StudentSurveySessionBeanWS" wsdl="${basedir}/${conf-dir}xml-resources/web-service-references/StudentSurveySessionBeanWS/wsdl/localhost_8080/SWE645_CSD_EJB_JPA_JSF_WS-ejb/StudentSurveySessionBeanWS/StudentSurveySessionBeanWS.wsdl" catalog="catalog.xml" encoding="${source.encoding}" extension="true" verbose="true" fork="false" wsdlLocation="http://localhost:8080/SWE645_CSD_EJB_JPA_JSF_WS-ejb/StudentSurveySessionBeanWS/StudentSurveySessionBeanWS?wsdl" xnocompile="true" xendorsed="true">
            <depends file="${basedir}/${conf-dir}xml-resources/web-service-references/StudentSurveySessionBeanWS/wsdl/localhost_8080/SWE645_CSD_EJB_JPA_JSF_WS-ejb/StudentSurveySessionBeanWS/StudentSurveySessionBeanWS.wsdl"/>
            <produces dir="${build.generated.dir}/jax-wsCache/StudentSurveySessionBeanWS"/>
        </wsimport>
        <copy todir="${build.generated.sources.dir}/jax-ws">
            <fileset dir="${build.generated.dir}/jax-wsCache/StudentSurveySessionBeanWS">
                <include name="**/*.java"/>
            </fileset>
        </copy>
    </target>
    <target name="wsimport-client-clean-StudentSurveySessionBeanWS" depends="-init-project">
        <delete dir="${build.generated.sources.dir}/jax-ws/edu/gmu/sessionws"/>
        <delete dir="${build.generated.dir}/jax-wsCache/StudentSurveySessionBeanWS"/>
    </target>
    <target name="wsimport-client-StudentSurveySessionBeanWS_1" depends="wsimport-init">
        <mkdir dir="${build.generated.dir}/jax-wsCache/StudentSurveySessionBeanWS_1"/>
        <wsimport sourcedestdir="${build.generated.dir}/jax-wsCache/StudentSurveySessionBeanWS_1" destdir="${build.generated.dir}/jax-wsCache/StudentSurveySessionBeanWS_1" wsdl="${basedir}/${conf-dir}xml-resources/web-service-references/StudentSurveySessionBeanWS_1/wsdl/localhost_8080/SWE645_CSD_EJB_JPA_JSF_WS-ejb/StudentSurveySessionBeanWS/StudentSurveySessionBeanWS.wsdl" catalog="catalog.xml" encoding="${source.encoding}" extension="true" verbose="true" fork="false" wsdlLocation="http://localhost:8080/SWE645_CSD_EJB_JPA_JSF_WS-ejb/StudentSurveySessionBeanWS/StudentSurveySessionBeanWS?wsdl" xnocompile="true" xendorsed="true">
            <depends file="${basedir}/${conf-dir}xml-resources/web-service-references/StudentSurveySessionBeanWS_1/wsdl/localhost_8080/SWE645_CSD_EJB_JPA_JSF_WS-ejb/StudentSurveySessionBeanWS/StudentSurveySessionBeanWS.wsdl"/>
            <produces dir="${build.generated.dir}/jax-wsCache/StudentSurveySessionBeanWS_1"/>
        </wsimport>
        <copy todir="${build.generated.sources.dir}/jax-ws">
            <fileset dir="${build.generated.dir}/jax-wsCache/StudentSurveySessionBeanWS_1">
                <include name="**/*.java"/>
            </fileset>
        </copy>
    </target>
    <target name="wsimport-client-clean-StudentSurveySessionBeanWS_1" depends="-init-project">
        <delete dir="${build.generated.sources.dir}/jax-ws/edu/gmu/sessionws"/>
        <delete dir="${build.generated.dir}/jax-wsCache/StudentSurveySessionBeanWS_1"/>
    </target>
    <target name="wsimport-client-StudentSurveySessionBeanWS_2" depends="wsimport-init">
        <mkdir dir="${build.generated.dir}/jax-wsCache/StudentSurveySessionBeanWS_2"/>
        <wsimport sourcedestdir="${build.generated.dir}/jax-wsCache/StudentSurveySessionBeanWS_2" destdir="${build.generated.dir}/jax-wsCache/StudentSurveySessionBeanWS_2" wsdl="${basedir}/${conf-dir}xml-resources/web-service-references/StudentSurveySessionBeanWS_2/wsdl/localhost_8080/SWE645_CSD_EJB_JPA_JSF_WS-ejb/StudentSurveySessionBeanWS/StudentSurveySessionBeanWS.wsdl" catalog="catalog.xml" encoding="${source.encoding}" extension="true" verbose="true" fork="false" wsdlLocation="http://localhost:8080/SWE645_CSD_EJB_JPA_JSF_WS-ejb/StudentSurveySessionBeanWS/StudentSurveySessionBeanWS?wsdl" xnocompile="true" xendorsed="true">
            <depends file="${basedir}/${conf-dir}xml-resources/web-service-references/StudentSurveySessionBeanWS_2/wsdl/localhost_8080/SWE645_CSD_EJB_JPA_JSF_WS-ejb/StudentSurveySessionBeanWS/StudentSurveySessionBeanWS.wsdl"/>
            <produces dir="${build.generated.dir}/jax-wsCache/StudentSurveySessionBeanWS_2"/>
        </wsimport>
        <copy todir="${build.generated.sources.dir}/jax-ws">
            <fileset dir="${build.generated.dir}/jax-wsCache/StudentSurveySessionBeanWS_2">
                <include name="**/*.java"/>
            </fileset>
        </copy>
    </target>
    <target name="wsimport-client-clean-StudentSurveySessionBeanWS_2" depends="-init-project">
        <delete dir="${build.generated.sources.dir}/jax-ws/edu/gmu/sessionws"/>
        <delete dir="${build.generated.dir}/jax-wsCache/StudentSurveySessionBeanWS_2"/>
    </target>
    <target name="wsimport-client-StudentSurveySessionBeanWS_3" depends="wsimport-init">
        <mkdir dir="${build.generated.dir}/jax-wsCache/StudentSurveySessionBeanWS_3"/>
        <wsimport sourcedestdir="${build.generated.dir}/jax-wsCache/StudentSurveySessionBeanWS_3" destdir="${build.generated.dir}/jax-wsCache/StudentSurveySessionBeanWS_3" wsdl="${basedir}/${conf-dir}xml-resources/web-service-references/StudentSurveySessionBeanWS_3/wsdl/localhost_8080/SWE645_CSD_EJB_JPA_JSF_WS-ejb/StudentSurveySessionBeanWS/StudentSurveySessionBeanWS.wsdl" catalog="catalog.xml" encoding="${source.encoding}" extension="true" verbose="true" fork="false" wsdlLocation="http://localhost:8080/SWE645_CSD_EJB_JPA_JSF_WS-ejb/StudentSurveySessionBeanWS/StudentSurveySessionBeanWS?wsdl" xnocompile="true" xendorsed="true">
            <depends file="${basedir}/${conf-dir}xml-resources/web-service-references/StudentSurveySessionBeanWS_3/wsdl/localhost_8080/SWE645_CSD_EJB_JPA_JSF_WS-ejb/StudentSurveySessionBeanWS/StudentSurveySessionBeanWS.wsdl"/>
            <produces dir="${build.generated.dir}/jax-wsCache/StudentSurveySessionBeanWS_3"/>
        </wsimport>
        <copy todir="${build.generated.sources.dir}/jax-ws">
            <fileset dir="${build.generated.dir}/jax-wsCache/StudentSurveySessionBeanWS_3">
                <include name="**/*.java"/>
            </fileset>
        </copy>
    </target>
    <target name="wsimport-client-clean-StudentSurveySessionBeanWS_3" depends="-init-project">
        <delete dir="${build.generated.sources.dir}/jax-ws/edu/gmu/sessionws"/>
        <delete dir="${build.generated.dir}/jax-wsCache/StudentSurveySessionBeanWS_3"/>
    </target>
    <target name="wsimport-client-StudentSurveySessionBeanWS_4" depends="wsimport-init">
        <mkdir dir="${build.generated.dir}/jax-wsCache/StudentSurveySessionBeanWS_4"/>
        <wsimport sourcedestdir="${build.generated.dir}/jax-wsCache/StudentSurveySessionBeanWS_4" destdir="${build.generated.dir}/jax-wsCache/StudentSurveySessionBeanWS_4" wsdl="${basedir}/${conf-dir}xml-resources/web-service-references/StudentSurveySessionBeanWS_4/wsdl/52.5.119.128/SWE645_CSD_EJB_JPA_JSF_WS-ejb/StudentSurveySessionBeanWS/StudentSurveySessionBeanWS.wsdl" catalog="catalog.xml" encoding="${source.encoding}" extension="true" verbose="true" fork="false" wsdlLocation="http://52.5.119.128/SWE645_CSD_EJB_JPA_JSF_WS-ejb/StudentSurveySessionBeanWS/StudentSurveySessionBeanWS?wsdl" xnocompile="true" xendorsed="true">
            <depends file="${basedir}/${conf-dir}xml-resources/web-service-references/StudentSurveySessionBeanWS_4/wsdl/52.5.119.128/SWE645_CSD_EJB_JPA_JSF_WS-ejb/StudentSurveySessionBeanWS/StudentSurveySessionBeanWS.wsdl"/>
            <produces dir="${build.generated.dir}/jax-wsCache/StudentSurveySessionBeanWS_4"/>
        </wsimport>
        <copy todir="${build.generated.sources.dir}/jax-ws">
            <fileset dir="${build.generated.dir}/jax-wsCache/StudentSurveySessionBeanWS_4">
                <include name="**/*.java"/>
            </fileset>
        </copy>
    </target>
    <target name="wsimport-client-clean-StudentSurveySessionBeanWS_4" depends="-init-project">
        <delete dir="${build.generated.sources.dir}/jax-ws/edu/gmu/sessionws"/>
        <delete dir="${build.generated.dir}/jax-wsCache/StudentSurveySessionBeanWS_4"/>
    </target>
    <target name="wsimport-client-StudentSurveySessionBeanWS_5" depends="wsimport-init">
        <mkdir dir="${build.generated.dir}/jax-wsCache/StudentSurveySessionBeanWS_5"/>
        <wsimport sourcedestdir="${build.generated.dir}/jax-wsCache/StudentSurveySessionBeanWS_5" destdir="${build.generated.dir}/jax-wsCache/StudentSurveySessionBeanWS_5" wsdl="${basedir}/${conf-dir}xml-resources/web-service-references/StudentSurveySessionBeanWS_5/wsdl/52.5.119.128/SWE645_CSD_EJB_JPA_JSF_WS-ejb/StudentSurveySessionBeanWS/StudentSurveySessionBeanWS.wsdl" catalog="catalog.xml" encoding="${source.encoding}" extension="true" verbose="true" fork="false" wsdlLocation="http://52.5.119.128/SWE645_CSD_EJB_JPA_JSF_WS-ejb/StudentSurveySessionBeanWS/StudentSurveySessionBeanWS?wsdl" xnocompile="true" xendorsed="true">
            <depends file="${basedir}/${conf-dir}xml-resources/web-service-references/StudentSurveySessionBeanWS_5/wsdl/52.5.119.128/SWE645_CSD_EJB_JPA_JSF_WS-ejb/StudentSurveySessionBeanWS/StudentSurveySessionBeanWS.wsdl"/>
            <produces dir="${build.generated.dir}/jax-wsCache/StudentSurveySessionBeanWS_5"/>
        </wsimport>
        <copy todir="${build.generated.sources.dir}/jax-ws">
            <fileset dir="${build.generated.dir}/jax-wsCache/StudentSurveySessionBeanWS_5">
                <include name="**/*.java"/>
            </fileset>
        </copy>
    </target>
    <target name="wsimport-client-clean-StudentSurveySessionBeanWS_5" depends="-init-project">
        <delete dir="${build.generated.sources.dir}/jax-ws/edu/gmu/sessionws"/>
        <delete dir="${build.generated.dir}/jax-wsCache/StudentSurveySessionBeanWS_5"/>
    </target>
    <target name="wsimport-client-StudentSurveySessionBeanWS_6" depends="wsimport-init">
        <mkdir dir="${build.generated.dir}/jax-wsCache/StudentSurveySessionBeanWS_6"/>
        <wsimport sourcedestdir="${build.generated.dir}/jax-wsCache/StudentSurveySessionBeanWS_6" destdir="${build.generated.dir}/jax-wsCache/StudentSurveySessionBeanWS_6" wsdl="${basedir}/${conf-dir}xml-resources/web-service-references/StudentSurveySessionBeanWS_6/wsdl/52.5.119.128/SWE645_CSD_EJB_JPA_JSF_WS-ejb/StudentSurveySessionBeanWS/StudentSurveySessionBeanWS.wsdl" catalog="catalog.xml" encoding="${source.encoding}" extension="true" verbose="true" fork="false" wsdlLocation="http://52.5.119.128/SWE645_CSD_EJB_JPA_JSF_WS-ejb/StudentSurveySessionBeanWS/StudentSurveySessionBeanWS?wsdl" xnocompile="true" xendorsed="true">
            <depends file="${basedir}/${conf-dir}xml-resources/web-service-references/StudentSurveySessionBeanWS_6/wsdl/52.5.119.128/SWE645_CSD_EJB_JPA_JSF_WS-ejb/StudentSurveySessionBeanWS/StudentSurveySessionBeanWS.wsdl"/>
            <produces dir="${build.generated.dir}/jax-wsCache/StudentSurveySessionBeanWS_6"/>
        </wsimport>
        <copy todir="${build.generated.sources.dir}/jax-ws">
            <fileset dir="${build.generated.dir}/jax-wsCache/StudentSurveySessionBeanWS_6">
                <include name="**/*.java"/>
            </fileset>
        </copy>
    </target>
    <target name="wsimport-client-clean-StudentSurveySessionBeanWS_6" depends="-init-project">
        <delete dir="${build.generated.sources.dir}/jax-ws/edu/gmu/sessionws"/>
        <delete dir="${build.generated.dir}/jax-wsCache/StudentSurveySessionBeanWS_6"/>
    </target>
    <target name="wsimport-client-generate" depends="wsimport-client-StudentSurveySessionBeanWS, wsimport-client-StudentSurveySessionBeanWS_1, wsimport-client-StudentSurveySessionBeanWS_2, wsimport-client-StudentSurveySessionBeanWS_3, wsimport-client-StudentSurveySessionBeanWS_4, wsimport-client-StudentSurveySessionBeanWS_5, wsimport-client-StudentSurveySessionBeanWS_6"/>
</project>
