<?xml version="1.0" encoding="UTF-8"?>
<jax-ws xmlns="http://www.netbeans.org/ns/jax-ws/1">
  <services>
    <service name="StudentSurveySessionBeanWS">
      <implementation-class>edu.gmu.sessionws.StudentSurveySessionBeanWS</implementation-class>
    </service>
  </services>
  <clients>
    <client name="StudentSurveySessionBeanWS">
      <wsdl-url>http://52.5.119.128/SWE645_CSD_EJB_JPA_JSF_WS-ejb/StudentSurveySessionBeanWS/StudentSurveySessionBeanWS?wsdl</wsdl-url>
      <local-wsdl-file>52.5.119.128/SWE645_CSD_EJB_JPA_JSF_WS-ejb/StudentSurveySessionBeanWS/StudentSurveySessionBeanWS.wsdl</local-wsdl-file>
      <package-name>edu.gmu.sessionws</package-name>
      <catalog-file>catalog.xml</catalog-file>
      <wsimport-options>
        <wsimport-option>
          <wsimport-option-name>extension</wsimport-option-name>
          <wsimport-option-value>true</wsimport-option-value>
        </wsimport-option>
        <wsimport-option>
          <wsimport-option-name>verbose</wsimport-option-name>
          <wsimport-option-value>true</wsimport-option-value>
        </wsimport-option>
        <wsimport-option>
          <wsimport-option-name>fork</wsimport-option-name>
          <wsimport-option-value>false</wsimport-option-value>
        </wsimport-option>
        <wsimport-option>
          <wsimport-option-name>wsdlLocation</wsimport-option-name>
          <wsimport-option-value>http://52.5.119.128/SWE645_CSD_EJB_JPA_JSF_WS-ejb/StudentSurveySessionBeanWS/StudentSurveySessionBeanWS?wsdl</wsimport-option-value>
        </wsimport-option>
        <wsimport-option>
          <wsimport-option-name>xnocompile</wsimport-option-name>
          <wsimport-option-value>true</wsimport-option-value>
        </wsimport-option>
        <wsimport-option>
          <wsimport-option-name>xendorsed</wsimport-option-name>
          <wsimport-option-value>true</wsimport-option-value>
        </wsimport-option>
      </wsimport-options>
    </client>
  </clients>
</jax-ws>
