<?xml version="1.0" encoding="UTF-8"?><!--
        *** GENERATED FROM jax-ws.xml - DO NOT EDIT !                             ***
        *** TO MODIFY wsimport options USE Web Service node -> Edit WS Attributes ***
        *** TO CHANGE TARGETS GENERATED TO jaxws-build.xml COPY THOSE             ***
        *** TARGETS TO ../build.xml AND MODIFY THAT FILE INSTEAD                  ***

        --><project xmlns:xalan="http://xml.apache.org/xslt" xmlns:ejbjarproject2="http://www.netbeans.org/ns/j2ee-ejbjarproject/2" xmlns:jaxws="http://www.netbeans.org/ns/jax-ws/1">
    <!--
                ===================
                JAX-WS WSGEN SECTION
                ===================
            -->
    <target name="wsgen-init" depends="init">
        <mkdir dir="${build.generated.sources.dir}/jax-ws/resources/"/>
        <property name="j2ee.platform.wsgen.classpath" value="${libs.jaxws21.classpath}"/>
        <taskdef name="wsgen" classname="com.sun.tools.ws.ant.WsGen">
            <classpath path="${j2ee.platform.wsgen.classpath}"/>
        </taskdef>
    </target>
    <target name="wsgen-compile" depends="wsgen-StudentSurveySessionBeanWS">
        <ejbjarproject2:javac srcdir="${build.generated.sources.dir}/jax-ws" classpath="${j2ee.platform.wsgen.classpath}:${javac.classpath}" destdir="${classes.dir}"/>
    </target>
    <target name="wsgen-StudentSurveySessionBeanWS" depends="wsgen-init, -do-compile">
        <wsgen destdir="${build.generated.sources.dir}/jax-ws" sourcedestdir="${build.generated.sources.dir}/jax-ws" resourcedestdir="${build.generated.sources.dir}/jax-ws/resources/" verbose="true" xendorsed="true" keep="false" genwsdl="true" sei="edu.gmu.sessionws.StudentSurveySessionBeanWS">
            <classpath path="${java.home}/../lib/tools.jar:${classes.dir}:${j2ee.platform.wsgen.classpath}:${javac.classpath}"/>
        </wsgen>
    </target>
    <!--
                ===================
                JAX-WS WSIMPORT SECTION
                ===================
            -->
    <target name="wsimport-init" depends="init">
        <fail if="${wsimport.bad.version}" message="WsImport ant task defined in the classpath ${j2ee.platform.wsimport.classpath} has a serious bug. See http://wiki.netbeans.org/MetroIssue for details."/>
        <mkdir dir="${build.generated.sources.dir}/jax-ws"/>
        <mkdir dir="${classes.dir}"/>
        <property name="j2ee.platform.wsimport.classpath" value="${libs.jaxws21.classpath}"/>
        <taskdef name="wsimport" classname="com.sun.tools.ws.ant.WsImport">
            <classpath path="${j2ee.platform.wsimport.classpath}"/>
        </taskdef>
    </target>
    <target name="wsimport-client-StudentSurveySessionBeanWS" depends="wsimport-init">
        <mkdir dir="${build.generated.dir}/jax-wsCache/StudentSurveySessionBeanWS"/>
        <property name="wsdl-StudentSurveySessionBeanWS" location="${meta.inf}/xml-resources/web-service-references/StudentSurveySessionBeanWS/wsdl/52.5.119.128/SWE645_CSD_EJB_JPA_JSF_WS-ejb/StudentSurveySessionBeanWS/StudentSurveySessionBeanWS.wsdl"/>
        <wsimport sourcedestdir="${build.generated.dir}/jax-wsCache/StudentSurveySessionBeanWS" destdir="${build.generated.dir}/jax-wsCache/StudentSurveySessionBeanWS" wsdl="${wsdl-StudentSurveySessionBeanWS}" catalog="catalog.xml" encoding="${source.encoding}" extension="true" verbose="true" fork="false" wsdlLocation="http://52.5.119.128/SWE645_CSD_EJB_JPA_JSF_WS-ejb/StudentSurveySessionBeanWS/StudentSurveySessionBeanWS?wsdl" xnocompile="true" xendorsed="true">
            <depends file="${wsdl-StudentSurveySessionBeanWS}"/>
            <produces dir="${build.generated.dir}/jax-wsCache/StudentSurveySessionBeanWS"/>
        </wsimport>
        <copy todir="${build.generated.sources.dir}/jax-ws">
            <fileset dir="${build.generated.dir}/jax-wsCache/StudentSurveySessionBeanWS">
                <include name="**/*.java"/>
            </fileset>
        </copy>
    </target>
    <target name="wsimport-client-clean-StudentSurveySessionBeanWS" depends="-init-project">
        <delete dir="${build.generated.dir}/jax-wsCache/StudentSurveySessionBeanWS"/>
        <delete dir="${build.generated.sources.dir}/jax-ws/edu/gmu/sessionws"/>
    </target>
    <target name="wsimport-client-generate" depends="wsimport-client-StudentSurveySessionBeanWS"/>
</project>
